sector,ambito,indicador,valor_2023,valor_2024,unidad,objetivo_oficial,sentido_objetivo,variacion_absoluta,situacion_2023,situacion_2024,fuente_2023,pagina_2023,fuente_2024,pagina_2024,nota_metodologica
Correos - servicio postal universal,Condiciones generales,Quejas y reclamaciones por 100.000 envíos,17.08,15.5,reclamaciones/100.000 envíos,4,max,-1.58,INCUMPLE,INCUMPLE,https://www.cnmc.es/sites/default/files/5837903.pdf,43,https://www.cnmc.es/sites/default/files/6498201.pdf,43,Datos de tabla 14 CNMC. Ejercicio 2024 sujeto a exclusiones DANA aprobadas por CNMC; consultar resolución antes de inferir tendencia causal.
Correos - servicio postal universal,Atención al cliente,Espera y gestión en oficina,534,510,segundos,480,max,-24,INCUMPLE,INCUMPLE,https://www.cnmc.es/sites/default/files/5837903.pdf,43,https://www.cnmc.es/sites/default/files/6498201.pdf,43,Datos de tabla 14 CNMC. Ejercicio 2024 sujeto a exclusiones DANA aprobadas por CNMC; consultar resolución antes de inferir tendencia causal.
Correos - servicio postal universal,Atención al cliente,"Accesibilidad, limpieza y confort",8.97,9.27,puntos/10,6,min,0.3,CUMPLE,CUMPLE,https://www.cnmc.es/sites/default/files/5837903.pdf,43,https://www.cnmc.es/sites/default/files/6498201.pdf,43,Datos de tabla 14 CNMC. Ejercicio 2024 sujeto a exclusiones DANA aprobadas por CNMC; consultar resolución antes de inferir tendencia causal.
Correos - servicio postal universal,Atención al cliente,Amabilidad y trato,9.67,9.73,puntos/10,6,min,0.06,CUMPLE,CUMPLE,https://www.cnmc.es/sites/default/files/5837903.pdf,43,https://www.cnmc.es/sites/default/files/6498201.pdf,43,Datos de tabla 14 CNMC. Ejercicio 2024 sujeto a exclusiones DANA aprobadas por CNMC; consultar resolución antes de inferir tendencia causal.
Correos - servicio postal universal,Atención al cliente,Reclamaciones nacionales respondidas en plazo,99.9,99.48,%,95,min,-0.42,CUMPLE,CUMPLE,https://www.cnmc.es/sites/default/files/5837903.pdf,43,https://www.cnmc.es/sites/default/files/6498201.pdf,43,Datos de tabla 14 CNMC. Ejercicio 2024 sujeto a exclusiones DANA aprobadas por CNMC; consultar resolución antes de inferir tendencia causal.
Correos - servicio postal universal,Atención al cliente,Reclamaciones internacionales respondidas en plazo,86.52,89.18,%,80,min,2.66,CUMPLE,CUMPLE,https://www.cnmc.es/sites/default/files/5837903.pdf,43,https://www.cnmc.es/sites/default/files/6498201.pdf,43,Datos de tabla 14 CNMC. Ejercicio 2024 sujeto a exclusiones DANA aprobadas por CNMC; consultar resolución antes de inferir tendencia causal.
Correos - servicio postal universal,Distribución y entrega,Carta ordinaria D+3,92.69,93.11,%,93,min,0.42,INCUMPLE,CUMPLE,https://www.cnmc.es/sites/default/files/5837903.pdf,43,https://www.cnmc.es/sites/default/files/6498201.pdf,44,Datos de tabla 14 CNMC. Ejercicio 2024 sujeto a exclusiones DANA aprobadas por CNMC; consultar resolución antes de inferir tendencia causal.
Correos - servicio postal universal,Distribución y entrega,Carta ordinaria D+5,98.06,97.95,%,99,min,-0.11,INCUMPLE,INCUMPLE,https://www.cnmc.es/sites/default/files/5837903.pdf,43,https://www.cnmc.es/sites/default/files/6498201.pdf,44,Datos de tabla 14 CNMC. Ejercicio 2024 sujeto a exclusiones DANA aprobadas por CNMC; consultar resolución antes de inferir tendencia causal.
Correos - servicio postal universal,Distribución y entrega,Paquete nacional D+3,85.84,86.85,%,80,min,1.01,CUMPLE,CUMPLE,https://www.cnmc.es/sites/default/files/5837903.pdf,43,https://www.cnmc.es/sites/default/files/6498201.pdf,44,Datos de tabla 14 CNMC. Ejercicio 2024 sujeto a exclusiones DANA aprobadas por CNMC; consultar resolución antes de inferir tendencia causal.
Correos - servicio postal universal,Distribución y entrega,Paquete nacional D+5,96.61,93.25,%,95,min,-3.36,CUMPLE,INCUMPLE,https://www.cnmc.es/sites/default/files/5837903.pdf,43,https://www.cnmc.es/sites/default/files/6498201.pdf,44,Datos de tabla 14 CNMC. Ejercicio 2024 sujeto a exclusiones DANA aprobadas por CNMC; consultar resolución antes de inferir tendencia causal.
Correos - servicio postal universal,Distribución y entrega,Carta certificada nacional D+3,91.88,91.96,%,93,min,0.08,INCUMPLE,INCUMPLE,https://www.cnmc.es/sites/default/files/5837903.pdf,43,https://www.cnmc.es/sites/default/files/6498201.pdf,44,Datos de tabla 14 CNMC. Ejercicio 2024 sujeto a exclusiones DANA aprobadas por CNMC; consultar resolución antes de inferir tendencia causal.
Correos - servicio postal universal,Distribución y entrega,Carta certificada nacional D+5,97.19,97.49,%,99,min,0.3,INCUMPLE,INCUMPLE,https://www.cnmc.es/sites/default/files/5837903.pdf,43,https://www.cnmc.es/sites/default/files/6498201.pdf,44,Datos de tabla 14 CNMC. Ejercicio 2024 sujeto a exclusiones DANA aprobadas por CNMC; consultar resolución antes de inferir tendencia causal.
Correos - servicio postal universal,Seguridad de los envíos,Incidencias en cartas por millón,25.22,30.66,incidencias/millón cartas,2,max,5.44,INCUMPLE,INCUMPLE,https://www.cnmc.es/sites/default/files/5837903.pdf,44,https://www.cnmc.es/sites/default/files/6498201.pdf,44,Datos de tabla 14 CNMC. Ejercicio 2024 sujeto a exclusiones DANA aprobadas por CNMC; consultar resolución antes de inferir tendencia causal.
Correos - servicio postal universal,Seguridad de los envíos,Incidencias en paquetes por 10.000,27.08,23.65,incidencias/10.000 paquetes,1.5,max,-3.43,INCUMPLE,INCUMPLE,https://www.cnmc.es/sites/default/files/5837903.pdf,44,https://www.cnmc.es/sites/default/files/6498201.pdf,44,Datos de tabla 14 CNMC. Ejercicio 2024 sujeto a exclusiones DANA aprobadas por CNMC; consultar resolución antes de inferir tendencia causal.
